{
  "main": {
    "id": "5324373015726ba8",
    "type": "split",
    "children": [
      {
        "id": "96d75e759152d339",
        "type": "tabs",
        "children": [
          {
            "id": "08fde35aa1650081",
            "type": "leaf",
            "state": {
              "type": "markdown",
              "state": {
                "file": "main.md",
                "mode": "preview",
                "source": true
              },
              "icon": "lucide-file",
              "title": "main"
            }
          }
        ]
      }
    ],
    "direction": "vertical"
  },
  "left": {
    "id": "05f7e7652beffdbe",
    "type": "split",
    "children": [
      {
        "id": "91a29de4223ac844",
        "type": "tabs",
        "children": [
          {
            "id": "11d1e36953649e7d",
            "type": "leaf",
            "state": {
              "type": "file-explorer",
              "state": {
                "sortOrder": "alphabetical",
                "autoReveal": false
              },
              "icon": "lucide-folder-closed",
              "title": "Files"
            }
          },
          {
            "id": "41cf78ba2933be60",
            "type": "leaf",
            "state": {
              "type": "search",
              "state": {
                "query": "",
                "matchingCase": false,
                "explainSearch": false,
                "collapseAll": false,
                "extraContext": false,
                "sortOrder": "alphabetical"
              },
              "icon": "lucide-search",
              "title": "Search"
            }
          },
          {
            "id": "4f53799465facf41",
            "type": "leaf",
            "state": {
              "type": "bookmarks",
              "state": {},
              "icon": "lucide-bookmark",
              "title": "Bookmarks"
            }
          },
          {
            "id": "23c6b9f9c3adcade",
            "type": "leaf",
            "state": {
              "type": "database-plugin",
              "state": {
                "file": "view/view.md"
              },
              "icon": "lucide-file",
              "title": "Plugin no longer active"
            }
          }
        ]
      }
    ],
    "direction": "horizontal",
    "width": 200
  },
  "right": {
    "id": "e563259a3f69f2f9",
    "type": "split",
    "children": [
      {
        "id": "0c25f91448deecbf",
        "type": "tabs",
        "children": [
          {
            "id": "f93bd49780d4b059",
            "type": "leaf",
            "state": {
              "type": "backlink",
              "state": {
                "collapseAll": false,
                "extraContext": false,
                "sortOrder": "alphabetical",
                "showSearch": false,
                "searchQuery": "",
                "backlinkCollapsed": false,
                "unlinkedCollapsed": true
              },
              "icon": "links-coming-in",
              "title": "Backlinks"
            }
          },
          {
            "id": "3e758f332bbcac05",
            "type": "leaf",
            "state": {
              "type": "outgoing-link",
              "state": {
                "linksCollapsed": false,
                "unlinkedCollapsed": true
              },
              "icon": "links-going-out",
              "title": "Outgoing links"
            }
          },
          {
            "id": "3ebd80ee41f8efff",
            "type": "leaf",
            "state": {
              "type": "tag",
              "state": {
                "sortOrder": "frequency",
                "useHierarchy": true,
                "showSearch": false,
                "searchQuery": ""
              },
              "icon": "lucide-tags",
              "title": "Tags"
            }
          },
          {
            "id": "e8eb0e6fb5fa2591",
            "type": "leaf",
            "state": {
              "type": "outline",
              "state": {
                "followCursor": false,
                "showSearch": false,
                "searchQuery": ""
              },
              "icon": "lucide-list",
              "title": "Outline"
            }
          }
        ]
      }
    ],
    "direction": "horizontal",
    "width": 300,
    "collapsed": true
  },
  "left-ribbon": {
    "hiddenItems": {
      "switcher:Open quick switcher": false,
      "graph:Open graph view": false,
      "canvas:Create new canvas": false,
      "daily-notes:Open today's daily note": false,
      "templates:Insert template": false,
      "command-palette:Open command palette": false,
      "dbfolder:Create a new database table": false,
      "obsidian-shellcommands:Shell commands: Custom variables": false,
      "homepage:Open homepage": false
    }
  },
  "active": "08fde35aa1650081",
  "lastOpenFiles": [
    "pages/conf.md",
    "main.md",
    "pages/form/add-storage.md",
    "view/view.md",
    "view/data/c1da282b-6726-4229-85ff-33707a23349e.md",
    "sys/ini",
    "sys/model/conf.md",
    "view/data",
    "sys/cmd/lib/ini.sh",
    "Untitled.md",
    "gatohack.jpg",
    "view/data/eae2082b-b9ac-4e3f-8d7b-d051c6d042e3.md",
    "work/eae2082b-b9ac-4e3f-8d7b-d051c6d042e3",
    "view/data/40fcfa06-ae2c-4515-a723-e919f3891869.md",
    "work/40fcfa06-ae2c-4515-a723-e919f3891869",
    "pages/help.md",
    "view/data/9777a77a-b926-43e1-92d3-82ad7be4704f.md",
    "view/data/76cd5836-081e-4e9c-98af-bebb0c918646.md",
    "view/data/c8c7535e-76ee-48d4-b222-a1c187d659d7.md",
    "view/data/c0520adf-5f5f-4662-bfc1-393b7409d584.md",
    "view/data/89d035d2-3e98-4c7a-b537-f606371cd3bd.md",
    "pages",
    "view/data/d0b588b2-f959-4b02-bc2e-03db754fe484.md",
    "view/data/f80ab0a4-f0a5-4303-92f0-2702623e8fbb.md",
    "view/data/35a62ea5-ad51-420a-a234-a133c135d44b.md",
    "view/data/a2f248e9-dab1-488a-b41b-01fdca37ab7b.md",
    "view/data/7cf52222-2ca0-4d08-b6d4-59c628c605ea.md",
    "sys/model/meta-bind-embed/btn-control.md",
    "sys/model/meta-bind-embed/btn-goto.md",
    "work/d0b588b2-f959-4b02-bc2e-03db754fe484",
    "test.md",
    "sys/css/main.css",
    "work/7cf52222-2ca0-4d08-b6d4-59c628c605ea/test.md",
    "work/7cf52222-2ca0-4d08-b6d4-59c628c605ea",
    "work/f80ab0a4-f0a5-4303-92f0-2702623e8fbb/Untitled.md",
    "work/f80ab0a4-f0a5-4303-92f0-2702623e8fbb",
    "view/Untitled.canvas"
  ]
}