{
  "main": {
    "id": "5324373015726ba8",
    "type": "split",
    "children": [
      {
        "id": "a67db2e6bfef44c1",
        "type": "tabs",
        "children": [
          {
            "id": "289d744d30e13b08",
            "type": "leaf",
            "state": {
              "type": "markdown",
              "state": {
                "file": "main.md",
                "mode": "preview",
                "source": true
              },
              "icon": "lucide-file",
              "title": "main"
            }
          }
        ]
      }
    ],
    "direction": "vertical"
  },
  "left": {
    "id": "05f7e7652beffdbe",
    "type": "split",
    "children": [
      {
        "id": "91a29de4223ac844",
        "type": "tabs",
        "children": [
          {
            "id": "11d1e36953649e7d",
            "type": "leaf",
            "state": {
              "type": "file-explorer",
              "state": {
                "sortOrder": "alphabetical",
                "autoReveal": false
              },
              "icon": "lucide-folder-closed",
              "title": "Files"
            }
          },
          {
            "id": "41cf78ba2933be60",
            "type": "leaf",
            "state": {
              "type": "search",
              "state": {
                "query": "",
                "matchingCase": false,
                "explainSearch": false,
                "collapseAll": false,
                "extraContext": false,
                "sortOrder": "alphabetical"
              },
              "icon": "lucide-search",
              "title": "Search"
            }
          },
          {
            "id": "4f53799465facf41",
            "type": "leaf",
            "state": {
              "type": "bookmarks",
              "state": {},
              "icon": "lucide-bookmark",
              "title": "Bookmarks"
            }
          },
          {
            "id": "23c6b9f9c3adcade",
            "type": "leaf",
            "state": {
              "type": "database-plugin",
              "state": {
                "file": "view/view.md"
              },
              "icon": "lucide-file",
              "title": "Plugin no longer active"
            }
          }
        ]
      }
    ],
    "direction": "horizontal",
    "width": 200
  },
  "right": {
    "id": "e563259a3f69f2f9",
    "type": "split",
    "children": [
      {
        "id": "0c25f91448deecbf",
        "type": "tabs",
        "children": [
          {
            "id": "f93bd49780d4b059",
            "type": "leaf",
            "state": {
              "type": "backlink",
              "state": {
                "collapseAll": false,
                "extraContext": false,
                "sortOrder": "alphabetical",
                "showSearch": false,
                "searchQuery": "",
                "backlinkCollapsed": false,
                "unlinkedCollapsed": true
              },
              "icon": "links-coming-in",
              "title": "Backlinks"
            }
          },
          {
            "id": "3e758f332bbcac05",
            "type": "leaf",
            "state": {
              "type": "outgoing-link",
              "state": {
                "linksCollapsed": false,
                "unlinkedCollapsed": true
              },
              "icon": "links-going-out",
              "title": "Outgoing links"
            }
          },
          {
            "id": "3ebd80ee41f8efff",
            "type": "leaf",
            "state": {
              "type": "tag",
              "state": {
                "sortOrder": "frequency",
                "useHierarchy": true,
                "showSearch": false,
                "searchQuery": ""
              },
              "icon": "lucide-tags",
              "title": "Tags"
            }
          },
          {
            "id": "e8eb0e6fb5fa2591",
            "type": "leaf",
            "state": {
              "type": "outline",
              "state": {
                "followCursor": false,
                "showSearch": false,
                "searchQuery": ""
              },
              "icon": "lucide-list",
              "title": "Outline"
            }
          }
        ]
      }
    ],
    "direction": "horizontal",
    "width": 300,
    "collapsed": true
  },
  "left-ribbon": {
    "hiddenItems": {
      "switcher:Open quick switcher": false,
      "graph:Open graph view": false,
      "canvas:Create new canvas": false,
      "daily-notes:Open today's daily note": false,
      "templates:Insert template": false,
      "command-palette:Open command palette": false,
      "dbfolder:Create a new database table": false,
      "homepage:Open homepage": false
    }
  },
  "active": "289d744d30e13b08",
  "lastOpenFiles": [
    "main.md",
    "pages/help.md",
    "pages/form/add-storage.md",
    "view/data/2d6c1f23-f381-44c1-a9cc-58e7ca9a8972.md",
    "work/2d6c1f23-f381-44c1-a9cc-58e7ca9a8972",
    "view/view.md",
    "view/data/29a71756-9f4d-431e-bd41-8df96b1e389c.md",
    "work/29a71756-9f4d-431e-bd41-8df96b1e389c",
    "sys/model/btn-go-main.md",
    "sys/model/btn-reload.md",
    "pages/conf.md",
    "sys/model/btn-add.md",
    "sys/model/btn-remove.md",
    "sys/model/btn-work-link.md",
    "sys/model/btn-work-unlink.md",
    "sys/model/btn-go-conf.md",
    "sys/model/btn-go-add-storage.md",
    "sys/model/btn-go-view.md",
    "sys/model1/conf.md",
    "view/data/a22847ed-9051-4da5-a7ad-762579242d77.md",
    "work/a22847ed-9051-4da5-a7ad-762579242d77/test.md",
    "work/a22847ed-9051-4da5-a7ad-762579242d77",
    "view/data/d793f0f2-f4fe-4cdc-9491-1cef4191256f.md",
    "view/data/62708426-3e0b-4bc6-af08-5a4dbc0795ec.md",
    "work/62708426-3e0b-4bc6-af08-5a4dbc0795ec",
    "view/data/398ccfdb-c274-43d3-9d67-289428b4d3d6.md",
    "sys/model/view.md",
    "sys/model1/meta-bind-embed/btn-goto.md",
    "sys/model1/meta-bind-embed/btn-control.md",
    "sys/model/bn-remove",
    "sys/model/btn-work-unlink",
    "sys/model/btn-work-link",
    "sys/model",
    "sys/model/btn",
    "view/data",
    "gatohack.jpg",
    "view/Untitled.canvas"
  ]
}